"Дата","Цена","Откр.","Макс.","Мин.","Объём","Изм. %"
"25.12.2021","452,90","452,00","456,10","447,70","34,16K","0,35%"
"24.12.2021","451,30","455,80","461,00","449,00","47,06K","-0,90%"
"23.12.2021","455,40","438,20","458,10","434,50","50,59K","3,97%"
"22.12.2021","438,00","437,80","446,90","434,90","41,52K","0,07%"
"21.12.2021","437,70","430,90","440,50","426,80","46,36K","1,74%"
"20.12.2021","430,20","432,60","439,80","419,10","61,84K","-0,62%"
"19.12.2021","432,90","435,80","445,20","432,30","45,05K","-0,64%"
"18.12.2021","435,70","425,40","438,90","419,30","43,42K","2,57%"
"17.12.2021","424,80","438,60","441,30","418,00","60,25K","-3,08%"
"16.12.2021","438,30","448,00","453,50","437,30","51,30K","-2,08%"
"15.12.2021","447,60","436,70","449,80","416,90","93,65K","2,43%"
"14.12.2021","437,00","422,30","441,70","418,70","94,47K","3,60%"
"13.12.2021","421,80","457,70","460,20","414,80","99,44K","-7,90%"
"12.12.2021","458,00","459,30","462,40","442,10","51,56K","-0,04%"
"11.12.2021","458,20","438,60","461,10","432,90","77,67K","4,54%"
"10.12.2021","438,30","448,70","468,60","437,20","116,66K","-2,32%"
"09.12.2021","448,70","480,60","482,70","448,20","108,16K","-6,54%"
"08.12.2021","480,10","474,50","487,20","463,90","116,41K","1,24%"
"07.12.2021","474,20","474,60","501,80","464,40","146,90K","-0,19%"
"06.12.2021","475,10","452,90","480,40","418,90","183,97K","4,90%"
"05.12.2021","452,90","473,20","477,60","435,00","164,92K","-4,55%"
"04.12.2021","474,50","532,40","533,40","350,00","454,22K","-11,01%"
"03.12.2021","533,20","561,60","567,20","520,30","84,43K","-5,07%"
"02.12.2021","561,70","570,80","571,90","558,20","58,11K","-1,59%"
"01.12.2021","570,80","570,40","586,40","565,10","63,69K","0,09%"
"30.11.2021","570,30","575,00","587,20","557,10","97,33K","-0,82%"
"30.11.2021","570,30","575,00","587,20","557,10","97,33K","-0,82%"
"29.11.2021","575,00","568,70","581,00","557,20","80,69K","1,25%"
"28.11.2021","567,90","562,50","568,30","534,60","78,37K","0,92%"
"27.11.2021","562,70","557,30","573,10","555,10","55,60K","1,13%"
"26.11.2021","556,40","616,90","618,70","542,60","237,89K","-9,65%"
"25.11.2021","615,80","618,70","635,50","608,00","119,00K","-0,48%"
"24.11.2021","618,80","571,30","619,90","558,60","147,97K","8,24%"
"23.11.2021","571,70","557,10","574,90","546,90","76,99K","2,66%"
"22.11.2021","556,90","575,00","577,40","548,10","79,46K","-3,23%"
"21.11.2021","575,50","584,50","585,10","569,10","43,02K","-1,51%"
"19.11.2021","572,80","554,40","576,80","548,40","78,60K","3,19%"
"18.11.2021","555,10","595,20","600,90","543,20","112,67K","-6,77%"
"17.11.2021","595,40","598,20","603,10","579,00","95,95K","-0,45%"
"16.11.2021","598,10","665,50","665,50","573,50","184,34K","-10,13%"
"15.11.2021","665,50","679,50","686,00","665,00","72,55K","-2,05%"
"14.11.2021","679,40","666,20","679,40","657,40","65,64K","2,04%"
"13.11.2021","665,80","668,20","670,50","655,60","59,34K","-0,36%"
"12.11.2021","668,20","675,60","684,50","647,00","107,14K","-1,26%"
"11.11.2021","676,70","662,40","680,70","658,60","93,52K","1,97%"
"10.11.2021","663,60","717,10","729,10","649,30","290,49K","-7,46%"
"09.11.2021","717,10","638,30","731,00","636,50","337,53K","12,31%"
"08.11.2021","638,50","600,40","642,10","598,90","131,61K","6,36%"
"07.11.2021","600,30","587,30","600,30","585,80","37,08K","2,21%"
"06.11.2021","587,30","597,70","602,20","577,00","51,91K","-1,74%"
"05.11.2021","597,70","595,30","631,70","591,80","163,70K","0,32%"
"04.11.2021","595,80","611,30","613,20","587,20","64,67K","-2,49%"
"03.11.2021","611,00","598,70","618,90","590,10","117,50K","2,14%"
"02.11.2021","598,20","587,30","608,30","582,70","64,41K","1,93%"
"01.11.2021","586,90","597,10","599,50","579,50","62,28K","-1,74%"
"31.10.2021","597,30","585,10","603,60","574,40","84,31K","2,15%"
"30.10.2021","584,70","595,10","600,60","576,80","49,01K","-1,60%"
"29.10.2021","594,20","578,70","596,40","574,70","57,14K","2,70%"
"28.10.2021","578,60","548,80","591,40","544,30","133,45K","5,58%"
"27.10.2021","548,00","611,90","619,20","531,80","137,62K","-10,44%"
"26.10.2021","611,90","621,90","631,80","601,90","68,36K","-1,51%"
"25.10.2021","621,30","617,40","628,30","615,00","58,27K","0,62%"
"24.10.2021","617,50","629,20","633,00","605,90","66,36K","-1,84%"
"23.10.2021","629,10","623,80","637,40","615,10","50,22K","0,82%"
"22.10.2021","624,00","623,30","637,00","612,80","66,12K","0,16%"
"21.10.2021","623,00","644,60","655,80","621,30","116,04K","-3,35%"
"20.10.2021","644,60","618,50","648,50","605,30","93,64K","4,22%"
"19.10.2021","618,50","611,30","624,70","600,50","71,56K","1,13%"
"18.10.2021","611,60","612,60","619,10","598,80","70,89K","-0,07%"
"17.10.2021","612,00","625,60","628,70","592,30","84,26K","-2,06%"
"16.10.2021","624,90","625,70","647,20","623,90","100,77K","-0,03%"
"15.10.2021","625,10","598,80","636,70","585,90","169,56K","4,46%"
"14.10.2021","598,40","593,80","607,60","591,30","75,14K","0,88%"
"13.10.2021","593,20","587,90","594,30","572,20","91,05K","0,99%"
"12.10.2021","587,40","601,10","601,10","568,00","98,13K","-2,36%"
"11.10.2021","601,60","584,30","617,70","579,90","102,52K","2,87%"
"10.10.2021","584,80","615,20","622,40","582,50","85,74K","-4,94%"
"09.10.2021","615,20","597,20","623,90","592,30","82,55K","3,20%"
"08.10.2021","596,10","611,30","617,50","589,00","115,20K","-2,39%"
"07.10.2021","610,70","617,40","634,20","599,10","159,66K","-0,91%"
"06.10.2021","616,30","594,70","624,90","562,20","194,82K","3,51%"
"05.10.2021","595,40","552,20","599,90","548,80","101,07K","8,20%"
"04.10.2021","550,30","570,90","570,90","531,00","104,32K","-3,68%"
"03.10.2021","571,30","552,30","579,10","544,90","73,82K","3,50%"
"02.10.2021","552,00","543,80","559,80","536,50","67,38K","1,55%"
"01.10.2021","543,60","502,70","544,60","500,60","102,03K","8,14%"
"30.09.2021","502,70","484,80","506,00","481,90","73,31K","3,63%"
"29.09.2021","485,10","474,00","497,60","471,60","82,00K","2,26%"
"28.09.2021","474,40","487,70","499,20","472,80","104,17K","-2,81%"
"27.09.2021","488,10","503,10","515,00","487,80","106,03K","-3,04%"
"26.09.2021","503,40","516,80","519,60","480,50","161,61K","-2,61%"
"25.09.2021","516,90","513,80","523,10","502,10","99,54K","0,66%"
"24.09.2021","513,50","552,30","556,00","479,70","164,42K","-7,04%"
"23.09.2021","552,40","547,40","553,30","532,80","75,56K","0,84%"
"22.09.2021","547,80","505,00","548,00","496,80","111,37K","8,54%"
"21.09.2021","504,70","541,70","552,00","498,20","189,06K","-6,90%"
"20.09.2021","542,10","608,70","609,20","531,30","179,77K","-10,96%"
"19.09.2021","608,80","630,70","646,90","602,30","80,60K","-3,47%"
"18.09.2021","630,70","621,20","638,00","615,10","54,52K","1,56%"
"17.09.2021","621,00","639,20","647,60","613,90","79,88K","-2,88%"
"16.09.2021","639,40","653,00","655,10","627,30","77,22K","-2,02%"
"15.09.2021","652,60","640,40","656,80","632,30","62,81K","1,86%"
"14.09.2021","640,70","614,20","642,80","609,30","73,26K","4,33%"
"13.09.2021","614,10","646,60","659,50","593,80","169,52K","-5,10%"
"12.09.2021","647,10","636,00","655,10","623,30","63,70K","1,73%"
"11.09.2021","636,10","628,80","647,80","626,00","58,85K","1,14%"
"10.09.2021","628,90","661,00","673,90","618,30","89,98K","-4,89%"
"09.09.2021","661,20","662,60","673,40","656,20","91,45K","-0,17%"
"08.09.2021","662,30","673,40","679,60","644,80","130,64K","-1,38%"
"07.09.2021","671,60","784,50","787,50","585,60","376,31K","-14,40%"
"06.09.2021","784,60","764,60","802,40","741,50","233,29K","2,62%"
"05.09.2021","764,60","709,10","767,40","698,80","141,32K","7,87%"
"04.09.2021","708,80","713,70","733,20","697,20","162,25K","-0,60%"
"03.09.2021","713,10","664,30","721,00","651,70","183,09K","7,35%"
"02.09.2021","664,30","655,70","673,80","652,50","78,73K","1,28%"
"01.09.2021","655,90","636,60","657,00","625,60","109,12K","3,03%"
"31.08.2021","636,60","632,40","651,30","624,00","85,68K","0,63%"
"30.08.2021","632,60","659,20","665,10","630,40","82,53K","-3,99%"
"29.08.2021","658,90","647,10","692,80","646,80","208,07K","1,92%"
"28.08.2021","646,50","635,50","646,70","622,50","59,86K","1,73%"
"27.08.2021","635,50","606,80","636,10","597,40","81,96K","4,83%"
"26.08.2021","606,20","650,39","656,05","604,00","85,52K","-6,83%"
"25.08.2021","650,63","636,71","658,53","627,33","85,72K","2,13%"
"24.08.2021","637,03","678,22","683,24","633,83","92,29K","-6,09%"
"23.08.2021","678,36","672,29","694,10","664,36","148,59K","0,95%"
"22.08.2021","671,99","676,13","689,19","652,00","69,48K","-0,53%"
"21.08.2021","675,56","693,79","700,00","671,35","88,30K","-2,69%"
"20.08.2021","694,24","660,50","700,02","652,57","97,36K","5,16%"
"19.08.2021","660,16","631,91","660,16","619,88","87,84K","4,48%"
"18.08.2021","631,88","638,91","654,93","620,91","108,58K","-1,15%"
"17.08.2021","639,24","673,60","690,78","637,83","109,30K","-5,08%"
"16.08.2021","673,44","703,37","714,16","673,19","119,73K","-4,18%"
"15.08.2021","702,81","692,38","709,24","672,92","164,35K","1,55%"
"14.08.2021","692,05","654,65","692,05","644,33","147,25K","5,75%"
"13.08.2021","654,44","605,71","655,45","601,17","109,69K","7,96%"
"12.08.2021","606,16","619,76","649,45","592,50","164,79K","-2,31%"
"11.08.2021","620,52","592,08","632,27","590,51","143,60K","4,73%"
"10.08.2021","592,50","591,37","606,36","573,45","144,09K","0,12%"
"09.08.2021","591,77","555,57","600,56","543,83","162,05K","6,47%"
"08.08.2021","555,81","583,68","589,80","554,60","144,22K","-4,77%"
"07.08.2021","583,68","557,48","590,14","553,65","190,90K","4,89%"
"06.08.2021","556,47","548,74","561,08","537,24","132,09K","1,44%"
"05.08.2021","548,58","545,68","550,56","523,83","128,90K","0,63%"
"04.08.2021","545,12","538,40","551,92","525,24","87,32K","1,22%"
"03.08.2021","538,53","543,31","551,76","522,54","91,07K","-0,88%"
"02.08.2021","543,30","526,26","566,79","520,70","132,64K","3,06%"
"01.08.2021","527,19","546,14","563,01","517,86","128,45K","-3,13%"
"31.07.2021","544,25","552,83","557,30","536,79","93,28K","-1,45%"
"30.07.2021","552,28","539,33","552,90","518,77","126,31K","2,54%"
"29.07.2021","538,61","511,66","546,57","499,18","132,64K","5,71%"
"28.07.2021","509,51","501,65","518,75","491,10","136,11K","1,46%"
"27.07.2021","502,20","481,20","503,70","467,88","124,55K","4,31%"
"26.07.2021","481,45","455,02","517,82","453,38","262,17K","5,81%"
"25.07.2021","455,02","449,02","455,02","441,32","73,99K","-0,07%"
"24.07.2021","455,36","454,77","459,96","453,09","69,81K","0,18%"
"23.07.2021","454,56","442,04","455,68","431,56","71,87K","2,83%"
"22.07.2021","442,04","430,32","445,48","424,57","77,93K","2,68%"
"21.07.2021","430,50","398,08","435,21","392,32","110,41K","7,96%"
"20.07.2021","398,75","414,60","422,03","385,49","123,81K","-3,76%"
"19.07.2021","414,34","437,89","441,33","413,31","73,19K","-5,43%"
"18.07.2021","438,13","435,80","453,26","433,23","63,88K","0,53%"
"17.07.2021","435,80","438,00","446,53","430,92","66,76K","-0,51%"
"16.07.2021","438,04","455,78","464,59","437,15","72,45K","-3,92%"
"15.07.2021","455,91","467,24","473,54","444,29","78,94K","-2,44%"
"14.07.2021","467,29","464,97","478,06","444,24","85,77K","0,51%"
"13.07.2021","464,90","479,30","484,33","460,03","63,78K","-3,11%"
"12.07.2021","479,84","498,21","508,29","471,32","74,24K","-3,65%"
"11.07.2021","498,00","496,92","503,64","489,38","48,36K","0,20%"
"10.07.2021","497,02","503,84","510,97","483,93","60,94K","-1,40%"
"09.07.2021","504,08","474,31","509,95","472,18","87,89K","2,75%"
"08.07.2021","490,60","508,83","510,76","479,67","103,07K","-3,72%"
"07.07.2021","509,55","510,99","537,59","507,68","108,37K","0,03%"
"06.07.2021","509,38","504,37","522,80","504,37","94,96K","0,94%"
"05.07.2021","504,62","527,01","527,01","493,56","107,42K","-4,28%"
"04.07.2021","527,20","519,96","538,25","519,88","88,07K","3,95%"
"03.07.2021","507,15","496,39","512,29","491,27","56,39K","2,26%"
"02.07.2021","495,93","495,63","495,93","479,13","89,24K","-0,11%"
"01.07.2021","496,48","525,57","525,57","490,99","114,93K","-5,71%"
"30.06.2021","526,56","524,24","534,23","505,43","110,00K","0,92%"
"29.06.2021","521,74","501,73","540,39","501,73","151,32K","4,11%"
"28.06.2021","501,16","477,61","514,20","475,33","118,44K","4,99%"
"27.06.2021","477,35","459,85","477,35","452,79","76,47K","3,89%"
"26.06.2021","459,49","449,56","460,14","431,32","122,50K","2,10%"
"25.06.2021","450,05","488,46","494,39","450,05","130,49K","-7,39%"
"24.06.2021","485,95","472,99","493,81","460,01","108,10K","2,79%"
"23.06.2021","472,77","444,28","476,26","444,28","172,71K","6,68%"
"22.06.2021","443,17","455,92","470,02","411,83","331,85K","-2,65%"
"21.06.2021","455,25","556,09","556,09","455,25","226,90K","-18,13%"
"20.06.2021","556,07","552,35","559,00","524,74","95,97K","0,59%"
"19.06.2021","552,83","563,30","575,04","552,83","59,70K","-1,60%"
"18.06.2021","561,80","598,57","598,57","553,63","91,47K","-6,15%"
"17.06.2021","598,60","593,46","619,11","587,72","72,40K","0,87%"
"16.06.2021","593,43","626,67","626,67","593,43","84,05K","-5,41%"
"15.06.2021","627,40","642,86","644,01","620,96","91,14K","-2,03%"
"14.06.2021","640,41","614,28","640,41","604,24","103,95K","4,28%"
"13.06.2021","614,14","582,24","614,14","564,57","82,07K","6,01%"
"12.06.2021","579,35","577,19","585,99","553,13","96,16K","0,42%"
"11.06.2021","576,94","602,60","608,35","574,00","101,75K","-4,03%"
"10.06.2021","601,16","634,47","634,47","599,57","117,91K","-5,04%"
"09.06.2021","633,07","594,87","633,07","570,98","154,51K","6,21%"
"08.06.2021","596,05","594,26","597,41","558,82","213,92K","-0,13%"
"07.06.2021","596,82","656,29","668,73","596,82","108,19K","-9,00%"
"06.06.2021","655,86","648,76","664,95","648,76","63,52K","0,99%"
"05.06.2021","649,43","671,95","684,07","644,52","110,76K","-3,17%"
"04.06.2021","670,67","720,00","720,00","653,88","138,84K","-6,65%"
"03.06.2021","718,46","695,51","728,45","693,90","133,09K","3,02%"
"02.06.2021","697,43","692,13","706,80","682,23","120,89K","0,92%"
"01.06.2021","691,10","702,05","707,51","680,11","161,89K","-1,75%"
"31.05.2021","703,40","657,68","703,40","640,58","173,85K","6,29%"
"30.05.2021","661,79","650,21","679,91","623,41","138,08K","1,64%"
"29.05.2021","651,10","687,56","715,43","626,67","197,29K","-5,50%"
"28.05.2021","689,00","746,06","746,06","664,61","302,69K","-7,81%"
"27.05.2021","747,38","761,78","776,06","717,00","233,80K","-2,15%"
"26.05.2021","763,80","721,77","780,10","721,77","269,04K","6,20%"
"25.05.2021","719,24","750,81","755,46","693,28","453,47K","-4,13%"
"24.05.2021","750,21","555,57","750,21","555,57","470,07K","35,85%"
"23.05.2021","552,24","625,60","642,27","513,70","687,39K","-12,42%"
"22.05.2021","630,58","686,90","697,28","618,48","456,61K","-8,27%"
"21.05.2021","687,45","815,82","849,94","653,66","700,00K","-15,76%"
"20.05.2021","816,10","703,01","860,71","679,10","587,86K","16,61%"
"19.05.2021","699,86","1.090,01","1.090,01","630,30","943,24K","-35,89%"
"18.05.2021","1.091,63","1.071,61","1.142,23","1.059,78","231,62K","2,12%"
"17.05.2021","1.068,96","1.165,88","1.165,88","1.024,66","404,08K","-8,34%"
"16.05.2021","1.166,19","1.174,17","1.264,52","1.102,93","281,28K","-0,09%"
"15.05.2021","1.167,21","1.296,65","1.326,82","1.167,21","241,34K","-10,06%"
"14.05.2021","1.297,72","1.247,43","1.340,99","1.247,43","246,80K","3,55%"
"13.05.2021","1.253,28","1.255,92","1.332,70","1.182,42","552,01K","1,51%"
"12.05.2021","1.234,61","1.549,49","1.588,89","1.234,61","490,36K","-20,10%"
"11.05.2021","1.545,27","1.317,63","1.545,27","1.308,62","350,89K","16,95%"
"10.05.2021","1.321,31","1.429,87","1.530,46","1.253,73","480,71K","-7,33%"
"09.05.2021","1.425,85","1.391,45","1.425,85","1.311,81","257,86K","1,95%"
"08.05.2021","1.398,62","1.340,00","1.420,88","1.340,00","354,89K","4,14%"
"07.05.2021","1.342,96","1.510,06","1.510,06","1.328,01","571,01K","-11,01%"
"06.05.2021","1.509,14","1.462,02","1.509,14","1.328,55","1,02M","3,81%"
"05.05.2021","1.453,73","1.086,70","1.472,43","1.074,66","982,38K","51,21%"
"04.05.2021","961,37","1.017,21","1.028,12","945,37","397,25K","-5,35%"
"03.05.2021","1.015,69","971,52","1.024,59","971,52","170,15K","4,39%"
"02.05.2021","972,94","1.003,31","1.003,31","966,25","120,75K","-3,22%"
"01.05.2021","1.005,35","997,72","1.018,53","981,67","186,79K","1,10%"
"30.04.2021","994,43","878,05","994,43","878,05","211,76K","12,93%"
"29.04.2021","880,61","912,23","912,23","869,51","154,39K","-3,30%"
"28.04.2021","910,63","890,96","920,90","875,58","251,44K","2,49%"
"27.04.2021","888,48","847,63","889,06","847,63","190,25K","4,65%"
"26.04.2021","849,00","760,02","849,00","760,02","240,91K","12,14%"
"25.04.2021","757,07","771,82","796,00","733,91","164,17K","-1,67%"
"24.04.2021","769,90","839,11","839,11","762,52","255,03K","-8,29%"
"23.04.2021","839,50","852,25","852,25","762,66","608,44K","-1,64%"
"22.04.2021","853,51","916,60","957,72","853,51","418,52K","-6,22%"
"21.04.2021","910,15","944,99","978,51","910,15","390,56K","-3,25%"
"20.04.2021","940,74","897,58","954,20","863,76","474,78K","5,65%"
"19.04.2021","890,43","975,87","1.014,32","886,40","538,66K","-8,48%"
"18.04.2021","972,96","997,39","997,39","842,41","781,85K","-1,63%"
"17.04.2021","989,05","1.114,49","1.172,60","989,05","733,50K","-10,54%"
"16.04.2021","1.105,53","867,35","1.168,43","867,35","1,04M","27,77%"
"15.04.2021","865,22","819,12","865,22","808,12","330,01K","6,15%"
"14.04.2021","815,13","747,78","824,35","747,78","592,57K","9,38%"
"13.04.2021","745,24","672,00","751,49","672,00","322,26K","11,06%"
"12.04.2021","671,01","691,88","693,00","665,22","163,79K","-2,89%"
"11.04.2021","690,95","675,21","702,67","673,05","262,53K","2,85%"
"10.04.2021","671,82","631,00","676,26","628,81","197,95K","6,53%"
"09.04.2021","630,63","644,60","644,60","630,33","111,79K","-1,95%"
"08.04.2021","643,19","614,50","643,19","614,50","145,19K","4,41%"
"07.04.2021","616,00","662,45","680,20","612,78","400,18K","-6,90%"
"06.04.2021","661,62","647,61","662,24","635,83","305,79K","2,39%"
"05.04.2021","646,16","562,28","646,16","561,97","293,06K","15,23%"
"04.04.2021","560,74","528,43","560,74","528,43","107,56K","5,57%"
"03.04.2021","531,14","580,44","590,38","531,14","184,23K","-8,57%"
"02.04.2021","580,94","558,42","592,36","547,41","206,01K","4,51%"
"01.04.2021","555,89","541,56","555,89","533,34","148,83K","2,77%"
"31.03.2021","540,93","525,39","540,93","511,98","129,60K","2,98%"
"30.03.2021","525,27","518,88","533,71","513,09","84,52K","1,33%"
"29.03.2021","518,38","497,41","523,00","494,59","86,80K","4,29%"
"28.03.2021","497,06","501,07","502,73","491,84","65,71K","-0,64%"
"27.03.2021","500,25","505,80","505,80","491,05","68,72K","-1,08%"
"26.03.2021","505,69","472,83","505,69","471,72","125,09K","6,86%"
"25.03.2021","473,24","474,17","481,84","461,46","133,49K","-0,35%"
"24.03.2021","474,89","510,72","526,56","474,89","151,90K","-7,12%"
"23.03.2021","511,31","509,71","525,10","509,71","142,96K","0,43%"
"22.03.2021","509,10","523,61","532,24","509,10","129,39K","-2,74%"
"21.03.2021","523,46","535,81","541,88","517,55","74,24K","-2,21%"
"20.03.2021","535,29","532,30","549,30","532,30","80,13K","0,44%"
"19.03.2021","532,94","528,30","539,20","528,30","93,37K","0,91%"
"18.03.2021","528,13","541,43","542,95","526,90","106,69K","-2,49%"
"17.03.2021","541,64","528,98","541,64","514,24","89,89K","2,41%"
"16.03.2021","528,88","523,20","532,85","516,05","143,79K","1,07%"
"15.03.2021","523,26","553,25","566,26","523,26","219,56K","-5,24%"
"14.03.2021","552,19","594,99","594,99","552,19","197,32K","-6,98%"
"13.03.2021","593,63","538,28","605,28","526,41","260,59K","10,34%"
"12.03.2021","538,02","549,83","552,59","524,30","209,17K","-1,96%"
"11.03.2021","548,80","547,55","553,28","532,97","244,27K","0,26%"
"10.03.2021","547,39","545,56","562,73","524,48","229,77K","0,42%"
"09.03.2021","545,12","529,40","545,12","527,11","143,62K","3,09%"
"08.03.2021","528,78","516,53","528,78","503,96","151,72K","2,40%"
"07.03.2021","516,39","500,92","516,39","500,92","104,85K","3,15%"
"06.03.2021","500,64","498,02","503,01","488,89","82,97K","0,62%"
"05.03.2021","497,56","505,15","505,15","478,48","146,78K","-1,55%"
"04.03.2021","505,37","520,06","529,21","500,86","192,39K","-3,16%"
"03.03.2021","521,88","516,02","540,69","516,02","253,34K","0,95%"
"02.03.2021","516,96","500,97","537,59","500,97","351,37K","3,16%"
"01.03.2021","501,14","459,98","501,14","459,98","197,17K","9,02%"
"28.02.2021","459,68","482,54","483,39","440,96","283,78K","-4,77%"
"27.02.2021","482,72","484,31","494,52","482,72","190,80K","-0,29%"
"26.02.2021","484,11","499,44","504,22","457,92","371,56K","-3,03%"
"25.02.2021","499,22","526,94","545,00","499,22","317,36K","-5,21%"
"24.02.2021","526,67","519,22","551,11","518,00","404,99K","2,01%"
"23.02.2021","516,31","631,41","631,41","484,64","907,16K","-17,87%"
"22.02.2021","628,62","710,42","710,42","604,53","597,64K","-11,01%"
"21.02.2021","706,41","679,52","719,60","677,00","360,63K","3,97%"
"20.02.2021","679,44","718,95","740,46","679,44","463,77K","-5,55%"
"19.02.2021","719,33","704,04","723,97","687,25","358,81K","2,27%"
"18.02.2021","703,34","720,37","725,45","697,81","266,72K","-1,81%"
"17.02.2021","716,29","708,07","723,54","690,81","353,72K","1,55%"
"16.02.2021","705,39","716,18","729,32","682,73","491,23K","-1,16%"
"15.02.2021","713,66","721,58","746,33","617,75","896,31K","-0,79%"
"14.02.2021","719,32","668,24","727,33","662,00","780,43K","7,90%"
"13.02.2021","666,67","579,00","666,67","555,06","577,01K","15,81%"
"12.02.2021","575,64","532,17","575,64","518,60","385,80K","8,68%"
"11.02.2021","529,67","494,85","532,66","494,85","309,29K","6,93%"
"10.02.2021","495,34","518,37","526,56","482,01","478,51K","-3,72%"
"09.02.2021","514,47","484,98","514,47","476,23","430,00K","6,20%"
"08.02.2021","484,44","444,81","484,44","443,24","287,38K","8,94%"
"07.02.2021","444,69","457,54","459,34","440,22","263,92K","-3,00%"
"06.02.2021","458,46","448,20","484,52","448,20","466,49K","2,54%"
"05.02.2021","447,12","422,22","447,12","422,22","196,59K","6,22%"
"04.02.2021","420,94","446,87","452,14","416,92","237,05K","-5,64%"
"03.02.2021","446,12","431,20","449,08","431,20","213,73K","3,68%"
"02.02.2021","430,28","413,84","430,28","413,48","208,46K","3,83%"
"01.02.2021","414,39","399,23","423,05","393,29","319,43K","3,67%"
"31.01.2021","399,73","416,14","416,14","394,09","151,05K","-4,10%"
"30.01.2021","416,82","408,31","416,82","396,84","212,54K","2,39%"
"29.01.2021","407,08","404,99","429,23","403,30","413,13K","0,65%"
"28.01.2021","404,45","376,62","404,45","376,62","199,45K","7,11%"
"27.01.2021","377,60","427,65","427,65","377,60","277,94K","-11,71%"
"26.01.2021","427,66","431,13","433,64","420,20","178,91K","-1,10%"
"25.01.2021","432,40","439,53","460,28","432,40","215,57K","-1,56%"
"24.01.2021","439,26","431,34","446,50","429,50","142,71K","1,88%"
"23.01.2021","431,16","439,55","439,55","426,11","168,06K","-2,23%"
"22.01.2021","440,99","417,58","449,03","407,50","359,04K","5,48%"
"21.01.2021","418,09","496,85","496,85","413,26","396,59K","-15,89%"
"20.01.2021","497,10","505,51","515,80","484,05","374,38K","-1,86%"
"19.01.2021","506,52","510,53","543,56","506,52","483,21K","-0,58%"
"18.01.2021","509,45","480,04","509,45","471,70","309,95K","6,26%"
"17.01.2021","479,44","489,59","492,56","470,83","256,43K","-2,17%"
"16.01.2021","490,08","491,26","505,73","483,69","405,62K","-0,28%"
"15.01.2021","491,45","527,41","527,41","480,61","488,59K","-6,95%"
"14.01.2021","528,13","496,75","528,13","492,77","476,85K","6,50%"
"13.01.2021","495,90","451,81","495,90","451,81","469,45K","9,75%"
"12.01.2021","451,85","476,33","501,00","451,85","629,19K","-5,38%"
"11.01.2021","477,55","600,35","600,35","414,01","1,34M","-20,63%"
"10.01.2021","601,68","579,09","614,56","563,71","1,37M","4,63%"
"09.01.2021","575,04","438,78","575,04","420,22","825,04K","31,69%"
"08.01.2021","436,66","450,14","450,14","424,75","449,75K","-2,59%"
"07.01.2021","448,25","454,98","463,14","441,81","471,60K","-1,14%"
"06.01.2021","453,42","418,64","453,42","416,06","368,12K","8,37%"
"05.01.2021","418,39","407,35","424,04","397,69","351,28K","3,17%"
"04.01.2021","405,52","425,26","455,23","395,91","711,77K","-4,15%"
"03.01.2021","423,09","354,68","423,09","354,68","739,45K","19,55%"
"02.01.2021","353,91","341,58","363,43","338,17","341,99K","3,61%"
"01.01.2021","341,57","341,95","351,74","339,28","195,73K","-0,06%"
"31.12.2020","341,79","358,94","358,94","338,38","223,68K","-4,77%"
"30.12.2020","358,91","352,58","358,91","348,83","293,06K","1,82%"
"29.12.2020","352,51","360,65","360,65","335,33","362,04K","-2,48%"
"28.12.2020","361,49","339,26","370,83","339,26","460,67K","6,95%"
"27.12.2020","338,01","323,28","350,82","323,28","649,98K","4,50%"
"26.12.2020","323,45","319,18","324,05","314,75","405,76K","1,36%"
"25.12.2020","319,10","297,40","321,05","295,68","364,04K","7,55%"
"24.12.2020","296,71","274,12","296,71","273,39","352,99K","7,71%"
"23.12.2020","275,48","322,60","325,45","275,48","535,91K","-14,93%"
"22.12.2020","323,81","313,39","323,81","307,06","471,13K","3,38%"
"21.12.2020","313,21","347,82","374,67","313,21","814,83K","-10,40%"
"20.12.2020","349,56","317,78","362,38","315,15","659,79K","9,95%"
"19.12.2020","317,92","313,55","323,21","312,00","280,74K","1,45%"
"18.12.2020","313,39","310,92","315,41","307,50","260,82K","0,80%"
"17.12.2020","310,89","311,97","327,17","308,99","481,31K","-0,40%"
"16.12.2020","312,14","289,18","312,14","285,20","327,30K","8,24%"
"15.12.2020","288,39","277,11","294,46","272,28","268,70K","4,14%"
"14.12.2020","276,92","275,61","276,92","268,68","102,75K","0,32%"
"13.12.2020","276,05","267,69","278,03","267,37","113,67K","3,11%"
"12.12.2020","267,73","258,46","267,87","258,46","104,11K","3,29%"
"11.12.2020","259,19","266,53","266,53","258,27","137,02K","-2,46%"
"10.12.2020","265,73","269,08","269,08","263,12","85,39K","-1,19%"
"09.12.2020","268,94","267,77","269,38","262,83","157,07K","0,44%"
"08.12.2020","267,77","283,91","283,91","267,19","128,98K","-5,65%"
"07.12.2020","283,80","286,95","289,73","283,80","98,24K","-0,89%"
"06.12.2020","286,34","289,57","289,57","281,16","110,74K","-1,21%"
"05.12.2020","289,85","279,59","289,85","279,59","125,03K","3,61%"
"04.12.2020","279,75","292,12","299,18","279,75","305,77K","-4,24%"
"03.12.2020","292,13","294,34","294,34","288,31","141,98K","-0,80%"
"02.12.2020","294,50","287,55","294,50","286,50","194,66K","2,51%"
"01.12.2020","287,29","317,73","318,38","287,29","539,27K","-9,50%"
"30.11.2020","317,43","285,94","317,43","285,94","405,40K","11,32%"
"29.11.2020","285,15","276,00","285,15","275,71","226,84K","3,30%"
"28.11.2020","276,05","265,73","281,16","264,04","274,39K","3,94%"
"27.11.2020","265,59","271,44","277,63","260,40","328,29K","-1,97%"
"26.11.2020","270,93","312,35","316,54","258,02","841,84K","-13,58%"
"25.11.2020","313,50","347,87","357,81","313,50","544,10K","-9,84%"
"24.11.2020","347,71","324,63","360,83","324,63","812,22K","7,58%"
"23.11.2020","323,22","289,51","323,22","286,70","504,28K","11,84%"
"22.11.2020","288,99","305,22","305,22","281,96","471,90K","-5,23%"
"21.11.2020","304,94","259,97","304,94","259,97","555,47K","17,21%"
"20.11.2020","260,16","245,71","260,16","245,71","186,13K","5,77%"
"19.11.2020","245,97","246,53","248,33","242,59","94,94K","-0,09%"
"18.11.2020","246,19","255,24","256,91","243,90","164,85K","-3,56%"
"17.11.2020","255,29","249,43","255,87","249,43","149,03K","2,26%"
"16.11.2020","249,64","239,93","251,57","237,53","200,38K","3,78%"
"15.11.2020","240,55","255,01","257,60","239,29","227,54K","-5,71%"
"14.11.2020","255,13","259,22","262,06","254,99","93,61K","-1,52%"
"13.11.2020","259,06","259,99","259,99","253,08","159,23K","-0,36%"
"12.11.2020","259,99","256,83","259,99","252,78","143,58K","1,20%"
"11.11.2020","256,90","257,11","260,06","256,90","109,66K","-0,16%"
"10.11.2020","257,32","264,24","264,24","257,28","129,82K","-2,52%"
"09.11.2020","263,98","271,17","271,17","263,01","200,87K","-2,52%"
"08.11.2020","270,80","253,27","273,51","253,27","214,98K","6,69%"
"07.11.2020","253,82","257,95","273,44","252,21","350,88K","-1,41%"
"06.11.2020","257,45","249,69","257,45","249,69","204,27K","3,16%"
"05.11.2020","249,56","241,51","251,63","241,51","229,78K","3,50%"
"04.11.2020","241,12","244,22","244,22","233,03","197,64K","-1,25%"
"03.11.2020","244,16","257,24","258,43","239,70","331,23K","-5,11%"
"02.11.2020","257,32","268,05","268,56","256,93","186,20K","-4,00%"
"01.11.2020","268,03","262,19","268,17","260,75","89,40K","2,29%"
"31.10.2020","262,03","261,90","263,46","261,37","110,08K","0,05%"
"30.10.2020","261,90","267,33","267,33","257,50","210,81K","-2,07%"
"29.10.2020","267,44","268,02","269,22","263,30","165,66K","-0,29%"
"28.10.2020","268,23","264,09","275,59","262,64","345,00K","1,38%"
"27.10.2020","264,57","259,33","266,60","259,33","170,31K","1,91%"
"26.10.2020","259,62","271,11","272,52","255,74","196,71K","-4,23%"
"25.10.2020","271,08","275,67","275,67","270,51","93,33K","-1,72%"
"24.10.2020","275,82","270,38","276,09","270,13","108,00K","2,00%"
"23.10.2020","270,42","267,91","273,71","266,68","169,97K","0,80%"
"22.10.2020","268,28","258,26","272,95","258,26","226,14K","3,61%"
"21.10.2020","258,94","240,76","261,10","240,76","264,99K","7,57%"
"20.10.2020","240,72","249,87","249,87","239,89","139,18K","-3,63%"
"19.10.2020","249,79","249,58","250,18","246,15","105,50K","0,16%"
"18.10.2020","249,38","244,44","249,38","244,44","72,50K","1,89%"
"17.10.2020","244,76","250,30","251,23","242,50","119,76K","-2,14%"
"16.10.2020","250,12","261,97","265,32","249,74","281,37K","-4,63%"
"15.10.2020","262,25","259,04","263,70","257,88","228,28K","1,25%"
"14.10.2020","259,00","253,61","259,00","252,53","190,86K","2,23%"
"13.10.2020","253,34","239,88","253,34","239,05","220,49K","5,68%"
"12.10.2020","239,73","239,01","242,35","235,74","146,36K","0,25%"
"11.10.2020","239,14","237,17","242,07","237,17","122,15K","0,79%"
"10.10.2020","237,26","237,06","242,57","237,06","142,10K","0,05%"
"09.10.2020","237,13","233,95","237,96","233,84","157,63K","1,38%"
"08.10.2020","233,91","222,93","234,38","222,50","197,43K","4,79%"
"07.10.2020","223,22","219,53","223,22","218,11","93,86K","1,63%"
"06.10.2020","219,63","221,95","228,61","218,94","158,75K","-0,96%"
"05.10.2020","221,75","220,75","221,75","218,92","67,28K","0,39%"
"04.10.2020","220,88","218,47","221,69","217,90","47,61K","1,08%"
"03.10.2020","218,53","219,76","220,67","218,40","41,32K","-0,49%"
"02.10.2020","219,61","227,28","227,28","215,99","127,99K","-3,65%"
"01.10.2020","227,94","228,52","232,56","225,25","145,11K","-0,02%"
"30.09.2020","227,98","229,09","229,09","226,12","100,03K","-0,45%"
"29.09.2020","229,01","225,59","229,01","225,59","91,62K","1,45%"
"28.09.2020","225,73","229,69","232,78","225,73","142,74K","-1,56%"
"27.09.2020","229,31","221,32","229,81","218,18","107,75K","3,63%"
"26.09.2020","221,27","216,63","222,29","213,66","74,64K","2,19%"
"25.09.2020","216,52","216,21","216,52","211,30","82,75K","0,16%"
"24.09.2020","216,17","207,97","216,43","207,97","80,15K","4,12%"
"23.09.2020","207,61","219,79","219,79","207,20","82,38K","-5,67%"
"22.09.2020","220,08","212,49","220,08","212,49","75,28K","3,64%"
"21.09.2020","212,36","225,98","228,28","212,36","162,25K","-6,14%"
"20.09.2020","226,26","233,09","233,09","224,94","83,89K","-2,98%"
"19.09.2020","233,20","233,69","235,43","232,06","90,70K","-0,32%"
"18.09.2020","233,96","232,61","235,95","232,61","100,20K","0,45%"
"17.09.2020","232,91","230,85","234,78","230,85","119,55K","1,02%"
"16.09.2020","230,55","235,06","235,06","228,48","145,53K","-1,98%"
"15.09.2020","235,21","225,73","241,06","225,73","231,15K","4,18%"
"14.09.2020","225,77","222,04","227,21","220,21","113,57K","1,63%"
"13.09.2020","222,14","230,69","233,78","219,77","120,91K","-3,46%"
"12.09.2020","230,11","225,34","230,11","223,29","84,07K","2,18%"
"11.09.2020","225,20","227,43","227,43","222,43","77,14K","-1,00%"
"10.09.2020","227,47","223,93","228,19","223,93","103,30K","1,55%"
"09.09.2020","223,99","222,54","228,01","219,68","82,69K","0,70%"
"08.09.2020","222,44","229,09","229,09","219,75","145,15K","-2,74%"
"07.09.2020","228,71","227,71","228,71","216,81","181,41K","0,46%"
"06.09.2020","227,67","225,52","230,53","223,51","154,47K","0,87%"
"05.09.2020","225,71","230,43","232,28","216,51","291,64K","-1,93%"
"04.09.2020","230,16","214,54","233,77","214,54","305,30K","7,62%"
"03.09.2020","213,86","264,05","264,05","213,86","340,73K","-19,00%"
"02.09.2020","264,01","292,17","292,17","261,71","294,58K","-9,60%"
"01.09.2020","292,05","273,61","292,05","270,64","232,50K","6,75%"
"31.08.2020","273,59","279,20","279,20","273,59","95,13K","-2,10%"
"30.08.2020","279,45","267,94","279,45","267,94","86,09K","4,27%"
"29.08.2020","268,01","268,50","271,15","267,82","78,13K","-0,24%"
"28.08.2020","268,66","264,94","270,74","264,94","102,44K","1,58%"
"27.08.2020","264,48","274,66","275,82","262,58","165,86K","-3,73%"
"26.08.2020","274,74","275,55","277,44","271,48","101,18K","-0,28%"
"25.08.2020","275,50","290,64","290,64","270,61","146,11K","-5,25%"
"24.08.2020","290,78","284,76","291,24","283,36","95,17K","2,15%"
"23.08.2020","284,67","286,70","286,70","280,52","69,61K","-0,71%"
"22.08.2020","286,71","282,67","286,71","279,44","96,98K","1,35%"
"21.08.2020","282,88","294,24","299,93","282,88","174,60K","-4,00%"
"20.08.2020","294,67","292,83","295,16","290,55","103,76K","0,64%"
"19.08.2020","292,81","303,71","304,46","284,68","185,93K","-3,44%"
"18.08.2020","303,25","318,02","318,96","303,25","214,38K","-4,49%"
"17.08.2020","317,51","308,76","323,44","304,05","270,99K","3,01%"
"16.08.2020","308,24","302,08","311,75","301,19","216,70K","2,00%"
"15.08.2020","302,21","293,35","306,07","292,65","211,19K","3,06%"
"14.08.2020","293,23","296,69","296,87","290,96","169,90K","-0,86%"
"13.08.2020","295,78","284,41","295,78","276,25","176,24K","3,99%"
"12.08.2020","284,43","281,57","287,17","278,75","163,51K","1,01%"
"11.08.2020","281,59","302,20","302,20","276,42","232,07K","-6,86%"
"10.08.2020","302,33","299,94","306,13","299,91","198,77K","0,80%"
"09.08.2020","299,93","305,35","306,57","296,55","141,07K","-1,72%"
"08.08.2020","305,19","302,20","307,99","298,60","160,64K","0,98%"
"07.08.2020","302,22","308,94","322,47","294,60","322,69K","-2,17%"
"06.08.2020","308,91","293,08","314,76","290,14","269,14K","5,23%"
"05.08.2020","293,56","288,08","294,88","287,74","191,57K","1,91%"
"04.08.2020","288,05","297,01","299,65","286,36","154,08K","-2,91%"
"03.08.2020","296,67","284,17","302,23","284,17","207,04K","4,57%"
"02.08.2020","283,70","319,15","335,22","283,70","430,39K","-11,23%"
"01.08.2020","319,60","301,32","319,60","301,32","224,86K","6,33%"
"31.07.2020","300,57","292,43","301,98","289,00","157,37K","3,07%"
"30.07.2020","291,62","283,40","293,40","283,40","188,47K","1,45%"
"29.07.2020","287,44","288,94","292,55","287,44","186,64K","-0,58%"
"28.07.2020","289,13","268,95","293,75","268,95","307,81K","7,73%"
"27.07.2020","268,39","247,52","269,94","247,52","274,75K","8,45%"
"26.07.2020","247,48","251,22","253,63","245,65","156,22K","-1,34%"
"25.07.2020","250,85","235,47","251,46","235,47","169,99K","6,73%"
"24.07.2020","235,03","238,35","238,35","234,23","84,93K","-1,43%"
"23.07.2020","238,45","239,98","239,98","236,58","103,56K","-0,55%"
"22.07.2020","239,76","230,34","239,76","228,36","94,44K","4,14%"
"21.07.2020","230,22","222,81","231,19","222,81","84,43K","3,34%"
"20.07.2020","222,77","227,92","227,92","222,77","51,35K","-2,12%"
"19.07.2020","227,60","224,26","227,60","222,17","60,29K","1,45%"
"18.07.2020","224,34","222,59","225,92","222,49","40,61K","0,78%"
"17.07.2020","222,61","224,27","224,40","222,61","55,56K","-0,71%"
"16.07.2020","224,21","227,45","227,49","221,35","86,71K","-1,41%"
"15.07.2020","227,41","230,06","230,06","227,26","62,97K","-1,19%"
"14.07.2020","230,15","232,20","232,20","227,92","80,83K","-0,88%"
"13.07.2020","232,20","237,62","237,62","230,87","121,24K","-2,20%"
"12.07.2020","237,42","236,59","238,25","234,00","62,88K","0,35%"
"11.07.2020","236,59","238,51","238,70","235,45","46,67K","-0,73%"
"10.07.2020","238,33","238,10","238,33","235,56","82,39K","0,06%"
"09.07.2020","238,18","243,06","244,71","235,78","115,47K","-2,12%"
"08.07.2020","243,34","238,00","245,13","236,97","114,61K","2,32%"
"07.07.2020","237,82","242,37","242,37","236,47","96,56K","-1,81%"
"06.07.2020","242,21","222,23","242,21","222,23","137,90K","8,79%"
"05.07.2020","222,65","225,30","225,83","220,16","69,51K","-1,19%"
"04.07.2020","225,34","220,55","226,48","220,24","60,91K","1,98%"
"03.07.2020","220,96","219,60","223,67","219,17","55,46K","0,62%"
"02.07.2020","219,60","223,48","225,28","217,77","88,55K","-1,81%"
"01.07.2020","223,65","222,09","226,63","221,27","80,14K","0,77%"
"30.06.2020","221,95","225,36","226,04","220,63","51,32K","-1,38%"
"29.06.2020","225,06","222,78","227,34","218,57","82,79K","1,04%"
"28.06.2020","222,74","216,35","225,36","213,47","56,63K","2,93%"
"27.06.2020","216,39","230,83","231,43","205,81","108,86K","-6,21%"
"26.06.2020","230,72","232,26","233,67","228,28","75,86K","-0,75%"
"25.06.2020","232,47","232,70","234,78","226,59","72,04K","-0,05%"
"24.06.2020","232,58","240,61","245,48","229,42","118,54K","-3,38%"
"23.06.2020","240,71","241,04","243,96","239,31","80,12K","-0,13%"
"22.06.2020","241,03","230,05","243,98","229,86","101,18K","4,65%"
"21.06.2020","230,32","232,79","233,84","229,88","49,04K","-1,02%"
"20.06.2020","232,70","233,39","235,15","228,91","67,10K","-0,31%"
"19.06.2020","233,42","236,04","236,50","230,62","64,15K","-1,17%"
"18.06.2020","236,19","240,44","240,53","232,58","52,83K","-1,74%"
"17.06.2020","240,38","237,52","242,64","235,13","80,19K","1,23%"
"16.06.2020","237,46","235,74","238,98","234,25","57,67K","0,79%"
"15.06.2020","235,61","237,48","238,18","224,63","99,76K","-0,80%"
"14.06.2020","237,51","240,79","240,79","235,26","40,67K","-1,32%"
"13.06.2020","240,69","240,63","242,10","237,45","38,02K","-0,09%"
"12.06.2020","240,91","234,74","243,53","233,23","62,74K","2,48%"
"11.06.2020","235,09","257,14","257,80","232,13","127,97K","-8,50%"
"10.06.2020","256,94","254,02","258,75","252,10","83,42K","1,20%"
"09.06.2020","253,90","255,34","256,79","250,96","59,95K","-0,56%"
"08.06.2020","255,33","253,86","256,65","251,39","63,44K","0,72%"
"07.06.2020","253,50","253,23","255,73","245,59","95,04K","0,09%"
"06.06.2020","253,27","255,96","258,09","251,20","90,66K","-1,11%"
"05.06.2020","256,11","256,18","263,29","254,71","116,01K","-0,03%"
"04.06.2020","256,19","253,23","260,79","247,86","151,75K","1,18%"
"03.06.2020","253,21","250,72","253,41","246,75","95,44K","0,82%"
"02.06.2020","251,14","253,44","269,32","244,06","264,23K","-0,74%"
"01.06.2020","253,02","238,26","254,68","237,81","137,85K","5,96%"
"31.05.2020","238,78","252,32","252,65","237,16","134,75K","-5,38%"
"30.05.2020","252,37","238,54","253,40","236,25","129,91K","5,90%"
"29.05.2020","238,32","239,86","243,89","234,79","84,42K","-0,57%"
"28.05.2020","239,68","232,64","240,97","229,05","112,55K","2,93%"
"27.05.2020","232,85","228,15","234,48","227,12","74,81K","2,11%"
"26.05.2020","228,04","230,56","231,15","224,00","68,13K","-1,07%"
"25.05.2020","230,50","222,66","232,70","221,12","81,50K","3,17%"
"24.05.2020","223,41","234,12","237,38","223,41","90,97K","-4,58%"
"23.05.2020","234,14","234,74","239,47","232,36","89,24K","-0,22%"
"22.05.2020","234,66","227,72","236,44","225,00","111,94K","2,84%"
"21.05.2020","228,17","239,43","242,88","221,64","149,83K","-4,83%"
"20.05.2020","239,76","246,34","247,57","235,45","127,88K","-2,81%"
"19.05.2020","246,69","248,51","250,91","243,17","110,41K","-0,72%"
"18.05.2020","248,47","240,74","254,32","240,46","160,02K","3,19%"
"17.05.2020","240,80","236,11","245,41","235,69","105,48K","1,84%"
"16.05.2020","236,45","235,21","240,75","233,64","106,69K","0,57%"
"15.05.2020","235,10","242,71","243,30","231,69","115,60K","-3,10%"
"14.05.2020","242,61","239,29","245,39","234,57","173,33K","1,34%"
"13.05.2020","239,41","233,19","241,93","231,91","104,18K","2,63%"
"12.05.2020","233,27","235,18","239,17","229,27","147,18K","-0,85%"
"11.05.2020","235,27","232,67","237,72","218,68","264,84K","0,99%"
"10.05.2020","232,97","265,12","265,33","222,72","364,91K","-12,23%"
"09.05.2020","265,43","260,41","277,14","258,77","265,44K","2,01%"
"08.05.2020","260,20","251,98","265,09","248,63","199,43K","3,29%"
"07.05.2020","251,92","240,65","256,50","237,37","166,45K","4,42%"
"06.05.2020","241,25","247,13","253,15","241,04","118,63K","-2,36%"
"05.05.2020","247,09","245,86","251,96","242,65","94,88K","0,47%"
"04.05.2020","245,94","251,76","252,37","236,60","151,93K","-2,29%"
"03.05.2020","251,71","260,91","267,00","246,84","166,68K","-3,52%"
"02.05.2020","260,88","254,58","261,00","252,22","103,42K","2,48%"
"01.05.2020","254,57","250,42","260,14","250,29","154,09K","1,81%"
"30.04.2020","250,05","257,82","275,49","245,46","331,63K","-2,93%"
"29.04.2020","257,59","241,15","262,06","241,14","267,85K","6,66%"
"28.04.2020","241,50","242,91","242,91","237,22","112,37K","-0,43%"
"27.04.2020","242,55","246,44","247,69","234,66","187,14K","-1,50%"
"26.04.2020","246,24","237,77","249,02","237,50","138,09K","3,42%"
"25.04.2020","238,09","237,90","245,75","235,22","94,59K","0,21%"
"24.04.2020","237,60","236,97","241,58","234,68","122,55K","0,08%"
"23.04.2020","237,42","233,18","244,96","226,20","189,90K","1,91%"
"22.04.2020","232,96","218,97","235,13","217,68","122,51K","6,17%"
"21.04.2020","219,42","218,26","223,21","215,53","126,08K","0,10%"
"20.04.2020","219,19","231,28","237,83","216,21","197,19K","-5,17%"
"19.04.2020","231,14","244,05","244,85","230,48","124,66K","-5,13%"
"18.04.2020","243,65","232,52","247,28","232,13","148,11K","5,04%"
"17.04.2020","231,96","235,07","236,79","229,60","119,14K","-1,29%"
"16.04.2020","234,99","213,86","239,60","206,91","298,85K","9,27%"
"15.04.2020","215,06","222,73","225,14","213,91","122,36K","-3,56%"
"14.04.2020","223,00","223,55","228,48","219,97","203,17K","-0,22%"
"13.04.2020","223,50","232,08","232,29","215,83","305,79K","-4,09%"
"12.04.2020","233,02","232,86","244,21","227,36","172,59K","-0,12%"
"11.04.2020","233,31","233,28","239,94","221,90","178,92K","0,22%"
"10.04.2020","232,80","256,22","258,84","226,53","328,29K","-9,10%"
"09.04.2020","256,10","266,90","274,38","253,80","199,03K","-4,22%"
"08.04.2020","267,38","252,55","280,11","250,13","486,74K","5,89%"
"07.04.2020","252,51","257,30","264,94","247,06","241,64K","-2,22%"
"06.04.2020","258,24","230,91","259,08","230,91","282,45K","11,76%"
"05.04.2020","231,07","238,52","239,56","225,89","110,97K","-2,96%"
"04.04.2020","238,12","235,78","241,37","232,17","130,94K","0,86%"
"03.04.2020","236,08","230,97","241,77","230,53","191,40K","1,89%"
"02.04.2020","231,71","224,91","247,29","222,29","277,84K","3,65%"
"01.04.2020","223,56","218,58","224,67","211,75","198,18K","2,44%"
"31.03.2020","218,23","220,01","223,71","215,83","152,67K","-0,85%"
"30.03.2020","220,10","205,74","226,28","205,60","201,33K","7,20%"
"29.03.2020","205,32","214,53","216,81","204,58","153,74K","-3,97%"
"28.03.2020","213,80","210,09","216,87","203,00","225,40K","0,22%"
"27.03.2020","213,34","227,93","233,14","212,66","194,97K","-6,43%"
"26.03.2020","228,00","222,03","228,21","218,40","162,36K","3,36%"
"25.03.2020","220,59","227,00","229,30","213,24","196,55K","-2,99%"
"24.03.2020","227,38","222,57","229,43","217,67","226,66K","2,77%"
"23.03.2020","221,26","201,37","226,81","199,08","331,52K","9,15%"
"22.03.2020","202,72","218,82","232,69","200,18","308,83K","-7,93%"
"21.03.2020","220,18","215,46","228,18","207,21","308,14K","2,33%"
"20.03.2020","215,16","221,38","244,10","194,09","534,55K","-2,64%"
"19.03.2020","220,99","184,84","232,84","177,88","461,46K","19,65%"
"18.03.2020","184,69","183,34","185,85","169,32","244,53K","1,11%"
"17.03.2020","182,66","172,59","188,03","169,01","306,42K","6,42%"
"16.03.2020","171,64","178,03","183,83","147,55","472,84K","-3,61%"
"15.03.2020","178,07","167,40","190,23","165,58","263,89K","6,37%"
"14.03.2020","167,41","176,62","180,17","164,09","273,02K","-5,31%"
"13.03.2020","176,80","144,56","189,20","130,78","1,01M","22,16%"
"12.03.2020","144,73","267,15","267,81","137,17","708,29K","-45,78%"
"11.03.2020","266,93","271,45","274,98","250,86","149,87K","-1,68%"
"10.03.2020","271,49","273,84","277,80","263,35","160,07K","-0,55%"
"09.03.2020","273,00","273,20","279,97","253,44","382,37K","0,17%"
"08.03.2020","272,53","328,86","328,86","268,66","270,32K","-17,64%"
"07.03.2020","330,92","350,78","351,00","328,71","116,34K","-5,61%"
"06.03.2020","350,60","336,80","352,46","332,98","157,13K","3,98%"
"05.03.2020","337,17","319,62","343,15","319,51","152,41K","5,40%"
"04.03.2020","319,91","329,75","332,08","311,12","104,90K","-2,98%"
"03.03.2020","329,75","339,12","339,12","321,69","175,34K","-2,60%"
"02.03.2020","338,54","311,61","342,09","310,92","227,32K","8,38%"
"01.03.2020","312,35","306,59","323,74","304,65","150,57K","2,10%"
"29.02.2020","305,93","315,22","322,39","305,93","139,47K","-3,08%"
"28.02.2020","315,66","324,85","328,91","299,99","224,59K","-2,74%"
"27.02.2020","324,56","316,70","334,84","307,79","240,60K","2,38%"
"26.02.2020","317,01","352,94","361,12","301,90","426,11K","-10,16%"
"25.02.2020","352,88","378,22","379,00","345,45","181,51K","-6,81%"
"24.02.2020","378,66","401,20","407,89","363,62","192,47K","-6,02%"
"23.02.2020","402,92","372,88","403,92","372,50","119,67K","7,95%"
"22.02.2020","373,25","377,71","380,19","367,57","90,76K","-1,15%"
"21.02.2020","377,58","371,20","387,67","367,54","135,83K","1,37%"
"20.02.2020","372,47","377,07","387,53","355,32","207,64K","-1,65%"
"19.02.2020","378,70","420,33","423,30","370,16","146,78K","-9,78%"
"18.02.2020","419,77","413,47","426,36","385,68","243,53K","1,70%"
"17.02.2020","412,76","412,19","416,24","368,68","366,85K","-0,17%"
"16.02.2020","413,47","438,87","457,66","385,70","254,04K","-5,86%"
"15.02.2020","439,20","493,32","494,92","425,14","202,10K","-11,00%"
"14.02.2020","493,51","476,89","497,74","466,37","141,17K","3,41%"
"13.02.2020","477,22","473,75","484,42","460,60","174,92K","0,72%"
"12.02.2020","473,83","462,48","480,89","462,48","163,19K","2,62%"
"11.02.2020","461,75","452,06","469,06","441,06","149,03K","2,07%"
"10.02.2020","452,40","449,72","462,00","436,80","150,87K","0,60%"
"09.02.2020","449,71","444,46","460,11","435,42","149,96K","1,21%"
"08.02.2020","444,33","439,21","454,14","425,49","147,32K","1,06%"
"07.02.2020","439,69","445,88","459,53","433,02","152,23K","-1,36%"
"06.02.2020","445,76","445,63","447,95","419,11","183,78K","0,14%"
"05.02.2020","445,15","381,10","445,15","378,82","254,34K","16,86%"
"04.02.2020","380,93","384,41","389,14","372,95","111,60K","-0,99%"
"03.02.2020","384,72","377,34","392,02","375,07","132,62K","2,04%"
"02.02.2020","377,03","380,17","387,38","370,27","98,49K","-0,78%"
"01.02.2020","379,99","375,64","389,17","373,35","106,58K","1,35%"
"31.01.2020","374,93","392,83","394,88","364,27","146,70K","-4,43%"
"30.01.2020","392,29","379,61","399,00","372,96","197,88K","3,06%"
"29.01.2020","380,65","379,09","395,26","376,85","200,71K","0,53%"
"28.01.2020","378,63","362,75","384,49","361,31","210,72K","4,40%"
"27.01.2020","362,68","349,34","377,66","347,89","248,77K","4,20%"
"26.01.2020","348,05","309,58","348,87","307,94","176,48K","12,20%"
"25.01.2020","310,20","318,30","318,86","305,23","100,77K","-2,69%"
"24.01.2020","318,79","325,50","327,80","298,15","217,71K","-1,92%"
"23.01.2020","325,03","348,97","350,13","317,21","135,09K","-6,82%"
"22.01.2020","348,83","343,34","354,52","339,51","96,03K","1,55%"
"21.01.2020","343,50","342,96","347,81","334,68","107,80K","0,03%"
"20.01.2020","343,39","339,55","352,71","324,51","171,06K","1,15%"
"19.01.2020","339,49","339,15","365,58","321,84","305,06K","0,28%"
"18.01.2020","338,53","367,79","403,82","333,85","482,32K","-8,07%"
"17.01.2020","368,24","327,77","382,45","319,85","395,31K","12,67%"
"16.01.2020","326,82","340,91","342,91","312,42","247,31K","-3,87%"
"15.01.2020","339,96","346,94","361,59","313,66","498,70K","-2,86%"
"14.01.2020","349,97","267,16","367,46","267,16","826,90K","31,07%"
"13.01.2020","267,00","271,76","271,76","261,66","94,01K","-1,23%"
"12.01.2020","270,33","260,32","270,33","258,06","105,18K","3,54%"
"11.01.2020","261,10","271,67","279,29","259,08","199,69K","-3,92%"
"10.01.2020","271,75","238,45","273,27","231,83","311,40K","14,18%"
"09.01.2020","238,01","240,13","243,85","231,36","109,01K","-0,81%"
"08.01.2020","239,95","242,27","253,75","230,55","238,46K","-1,19%"
"07.01.2020","242,83","244,47","246,43","232,39","180,81K","-0,57%"
"06.01.2020","244,22","222,83","246,12","222,20","177,51K","9,54%"
"05.01.2020","222,95","224,47","227,24","221,08","90,35K","-0,73%"
"04.01.2020","224,60","222,32","227,05","219,61","110,42K","0,99%"
"03.01.2020","222,40","195,49","225,05","191,92","236,06K","13,82%"
"02.01.2020","195,40","204,16","205,36","193,02","76,48K","-4,42%"
"01.01.2020","204,44","204,48","208,74","203,18","43,24K","-0,14%"
"31.12.2019","204,72","208,38","213,80","202,00","89,32K","-1,87%"
"30.12.2019","208,62","212,00","214,93","205,80","76,23K","-1,75%"
"29.12.2019","212,33","205,83","215,75","204,48","80,75K","3,03%"
"28.12.2019","206,08","203,32","209,56","202,54","81,59K","1,42%"
"27.12.2019","203,20","187,79","203,54","186,83","120,97K","8,26%"
"26.12.2019","187,70","185,21","194,45","184,01","48,01K","1,36%"
"25.12.2019","185,19","188,43","188,77","183,34","31,72K","-1,66%"
"24.12.2019","188,31","189,68","191,65","185,22","50,77K","-0,79%"
"23.12.2019","189,81","196,47","197,94","188,63","57,14K","-3,38%"
"22.12.2019","196,44","186,10","197,40","185,73","54,62K","5,48%"
"21.12.2019","186,23","187,31","188,37","185,51","19,50K","-0,62%"
"20.12.2019","187,39","186,07","190,52","183,92","43,23K","0,72%"
"19.12.2019","186,05","189,00","190,83","183,49","54,33K","-1,53%"
"18.12.2019","188,94","176,45","191,04","170,51","144,81K","7,11%"
"17.12.2019","176,40","196,29","196,95","173,88","127,03K","-10,15%"
"16.12.2019","196,32","206,88","207,47","194,34","82,40K","-5,10%"
"15.12.2019","206,88","205,87","209,31","204,89","37,10K","0,44%"
"14.12.2019","205,98","211,34","212,83","204,92","34,05K","-2,53%"
"13.12.2019","211,32","206,79","212,63","206,40","33,53K","2,19%"
"12.12.2019","206,79","207,22","207,97","204,06","26,58K","-0,15%"
"11.12.2019","207,10","206,63","207,98","204,34","15,26K","0,27%"
"10.12.2019","206,54","208,04","209,07","204,21","27,94K","-0,83%"
"09.12.2019","208,26","212,58","214,48","205,67","36,46K","-2,03%"
"08.12.2019","212,57","211,02","214,64","208,49","23,53K","0,74%"
"07.12.2019","211,00","212,84","215,67","210,26","26,96K","-0,84%"
"06.12.2019","212,79","211,50","213,61","209,37","36,08K","0,61%"
"05.12.2019","211,50","210,66","213,93","208,02","58,63K","-3,90%"
"29.11.2019","220,08","220,08","220,08","220,08","-","0,00%"
"28.11.2019","220,08","219,20","221,72","219,00","121,77K","0,37%"
"27.11.2019","219,27","210,61","225,00","203,74","119,85K","4,01%"
"26.11.2019","210,81","207,10","214,98","206,89","81,61K","1,91%"
"25.11.2019","206,85","202,43","215,66","192,24","181,62K","2,18%"
"24.11.2019","202,44","215,15","216,24","200,39","112,54K","-5,78%"
"23.11.2019","214,86","207,55","217,70","200,68","127,79K","3,57%"
"22.11.2019","207,45","226,55","229,55","194,35","299,35K","-8,38%"
"21.11.2019","226,42","243,33","246,61","219,86","136,29K","-6,95%"
"20.11.2019","243,32","242,23","247,81","238,23","62,26K","0,56%"
"19.11.2019","241,96","246,39","248,36","234,92","119,05K","-1,89%"
"18.11.2019","246,62","265,63","265,80","240,00","97,54K","-7,25%"
"17.11.2019","265,89","265,17","269,66","260,12","45,23K","0,23%"
"16.11.2019","265,27","263,52","267,48","261,99","29,49K","0,76%"
"15.11.2019","263,27","277,71","279,54","261,14","82,15K","-5,21%"
"14.11.2019","277,74","285,34","286,16","273,88","66,50K","-2,69%"
"13.11.2019","285,42","289,27","289,60","282,12","38,94K","-1,29%"
"12.11.2019","289,14","286,43","291,85","281,70","83,71K","0,90%"
"11.11.2019","286,57","293,30","296,81","281,97","80,05K","-2,21%"
"10.11.2019","293,04","282,61","296,99","279,37","91,22K","3,71%"
"09.11.2019","282,57","276,90","283,84","276,04","48,79K","1,99%"
"08.11.2019","277,05","291,93","294,11","271,26","131,00K","-5,10%"
"07.11.2019","291,94","305,45","306,32","287,20","120,36K","-4,42%"
"06.11.2019","305,45","292,88","307,33","291,10","131,75K","4,38%"
"05.11.2019","292,64","290,32","298,14","286,54","87,66K","0,80%"
"04.11.2019","290,33","291,60","294,66","284,82","112,27K","-0,33%"
"03.11.2019","291,30","289,63","304,12","282,82","144,17K","0,55%"
"02.11.2019","289,71","278,58","295,42","277,71","106,16K","4,06%"
"01.11.2019","278,41","282,45","283,27","269,50","113,91K","-1,44%"
"31.10.2019","282,47","288,79","293,13","269,33","166,01K","-2,10%"
"30.10.2019","288,52","289,00","306,45","283,66","237,82K","-0,24%"
"29.10.2019","289,21","263,97","297,00","263,97","338,31K","9,63%"
"28.10.2019","263,80","261,05","274,94","257,89","230,46K","1,26%"
"27.10.2019","260,52","252,41","268,13","245,36","248,79K","3,09%"
"26.10.2019","252,70","258,98","280,68","242,47","305,59K","-2,45%"
"25.10.2019","259,05","212,07","271,83","211,84","286,69K","22,15%"
"24.10.2019","212,07","210,00","217,48","206,17","88,42K","0,98%"
"23.10.2019","210,02","226,77","227,66","199,90","160,41K","-7,49%"
"22.10.2019","227,02","232,14","233,99","225,63","78,94K","-2,34%"
"21.10.2019","232,45","224,64","235,97","223,14","107,84K","3,49%"
"20.10.2019","224,61","212,92","226,42","210,91","69,49K","5,47%"
"19.10.2019","212,96","211,66","215,99","210,48","40,35K","0,52%"
"18.10.2019","211,86","220,20","220,23","208,86","63,88K","-3,66%"
"17.10.2019","219,91","216,74","220,93","213,86","37,21K","1,39%"
"16.10.2019","216,90","222,02","225,15","213,83","60,44K","-2,33%"
"15.10.2019","222,08","228,02","228,77","218,23","62,84K","-2,55%"
"14.10.2019","227,90","222,84","230,09","222,58","33,35K","2,17%"
"13.10.2019","223,05","224,07","228,16","221,39","29,96K","-0,50%"
"12.10.2019","224,18","220,52","227,99","220,52","40,84K","1,61%"
"11.10.2019","220,62","229,76","234,38","219,07","75,32K","-3,81%"
"10.10.2019","229,36","238,54","239,70","228,64","66,31K","-3,76%"
"09.10.2019","238,31","231,97","241,10","228,22","64,82K","2,85%"
"08.10.2019","231,71","232,72","239,06","227,38","55,32K","-0,46%"
"07.10.2019","232,77","220,41","237,40","218,76","81,69K","5,59%"
"06.10.2019","220,44","222,75","223,23","216,84","42,06K","-1,03%"
"05.10.2019","222,74","221,32","223,51","218,14","24,36K","0,65%"
"04.10.2019","221,31","222,22","225,12","218,25","31,27K","-0,38%"
"03.10.2019","222,16","224,80","225,03","217,05","33,93K","-1,19%"
"02.10.2019","224,83","222,57","225,26","219,91","43,46K","0,96%"
"01.10.2019","222,70","227,29","235,01","219,22","109,73K","-1,88%"
"30.09.2019","226,97","218,30","229,64","212,69","96,81K","4,16%"
"29.09.2019","217,90","227,09","227,26","212,10","81,36K","-4,05%"
"28.09.2019","227,09","220,12","229,77","217,55","85,44K","3,15%"
"27.09.2019","220,16","214,02","222,94","208,46","109,78K","2,87%"
"26.09.2019","214,01","227,46","227,46","204,42","150,29K","-5,82%"
"25.09.2019","227,23","217,65","233,98","216,99","201,46K","4,43%"
"24.09.2019","217,60","292,13","293,46","207,02","194,39K","-25,47%"
"23.09.2019","291,96","306,83","308,12","291,28","45,09K","-4,72%"
"22.09.2019","306,42","311,77","312,00","302,63","32,75K","-1,73%"
"21.09.2019","311,82","315,69","317,78","309,83","23,86K","-1,33%"
"20.09.2019","316,01","322,80","324,77","308,15","42,45K","-2,03%"
"19.09.2019","322,57","323,41","323,75","305,64","77,98K","-0,29%"
"18.09.2019","323,50","318,58","332,59","318,58","74,49K","1,65%"
"17.09.2019","318,26","307,46","327,22","304,70","74,51K","3,50%"
"16.09.2019","307,50","303,15","309,20","300,21","31,52K","1,44%"
"15.09.2019","303,13","304,16","307,00","301,64","17,45K","-0,36%"
"14.09.2019","304,23","298,21","306,97","295,90","25,51K","2,18%"
"13.09.2019","297,73","300,09","300,33","294,48","17,48K","-0,76%"
"12.09.2019","300,01","299,36","301,87","294,67","19,99K","0,32%"
"11.09.2019","299,06","304,22","307,15","292,41","35,30K","-1,66%"
"10.09.2019","304,10","304,11","311,00","299,55","27,49K","-0,05%"
"09.09.2019","304,24","306,42","311,80","297,84","50,62K","-0,87%"
"08.09.2019","306,90","299,62","310,15","295,38","44,78K","2,38%"
"07.09.2019","299,77","286,41","305,17","284,19","36,36K","4,64%"
"06.09.2019","286,48","292,53","301,09","281,36","49,38K","-2,07%"
"05.09.2019","292,54","294,15","295,97","285,24","31,43K","-0,48%"
"04.09.2019","293,95","300,42","301,56","292,09","33,84K","-2,06%"
"03.09.2019","300,12","292,95","305,68","292,34","67,52K","2,39%"
"02.09.2019","293,11","280,60","295,06","279,23","41,16K","4,42%"
"01.09.2019","280,70","278,71","283,00","273,25","22,71K","0,57%"
"31.08.2019","279,10","278,71","284,21","272,00","32,17K","0,11%"
"30.08.2019","278,78","280,11","283,60","270,12","48,23K","-0,36%"
"29.08.2019","279,79","292,08","292,08","275,73","41,37K","-4,15%"
"28.08.2019","291,90","308,60","309,86","286,16","39,44K","-5,35%"
"27.08.2019","308,39","311,46","313,30","303,50","28,53K","-0,85%"
"26.08.2019","311,02","305,93","315,00","305,22","37,19K","1,75%"
"25.08.2019","305,67","306,12","311,90","301,38","28,15K","0,14%"
"24.08.2019","305,25","315,58","316,34","300,16","38,55K","-3,29%"
"23.08.2019","315,64","311,64","318,05","305,73","33,66K","1,18%"
"22.08.2019","311,97","305,46","315,67","294,33","38,27K","1,95%"
"21.08.2019","305,99","315,57","316,18","290,04","50,01K","-2,86%"
"20.08.2019","315,00","325,14","325,85","311,87","33,25K","-2,98%"
"19.08.2019","324,67","316,57","327,62","313,37","42,85K","2,33%"
"18.08.2019","317,27","306,55","324,52","302,21","34,47K","3,50%"
"17.08.2019","306,55","308,41","312,43","300,27","26,99K","-0,77%"
"16.08.2019","308,92","313,69","315,92","300,28","61,56K","-1,70%"
"15.08.2019","314,27","311,71","321,94","298,53","57,51K","0,82%"
"14.08.2019","311,70","347,73","359,03","307,20","92,74K","-10,21%"
"13.08.2019","347,15","329,93","352,25","327,70","48,40K","5,16%"
"12.08.2019","330,12","338,57","340,15","327,52","19,92K","-2,62%"
"11.08.2019","339,01","316,42","345,36","313,42","35,78K","7,25%"
"10.08.2019","316,10","315,45","324,23","305,40","41,01K","0,32%"
"09.08.2019","315,09","333,87","334,65","308,71","37,28K","-5,69%"
"08.08.2019","334,09","338,36","339,30","326,75","32,33K","-1,28%"
"07.08.2019","338,43","335,77","346,79","331,63","38,76K","0,72%"
"06.08.2019","336,02","347,44","354,78","330,47","49,46K","-3,26%"
"05.08.2019","347,36","335,19","355,50","335,19","56,87K","3,63%"
"04.08.2019","335,19","335,51","338,61","329,05","35,41K","-0,11%"
"03.08.2019","335,57","327,83","348,79","326,22","57,55K","2,35%"
"02.08.2019","327,85","328,88","333,94","320,23","68,55K","-0,30%"
"01.08.2019","328,84","328,78","329,90","318,41","39,01K","0,09%"
"31.07.2019","328,55","317,97","335,50","317,79","49,47K","3,27%"
"30.07.2019","318,14","305,68","324,40","303,12","38,59K","4,04%"
"29.07.2019","305,80","311,70","315,10","302,39","43,99K","-1,51%"
"28.07.2019","310,48","305,56","312,45","292,50","32,59K","1,70%"
"27.07.2019","305,28","317,03","324,33","298,21","77,45K","-3,82%"
"26.07.2019","317,42","301,92","323,74","295,78","67,54K","5,02%"
"25.07.2019","302,25","302,19","311,99","294,24","41,52K","-0,03%"
"24.07.2019","302,33","297,61","307,98","282,24","65,76K","1,71%"
"23.07.2019","297,26","310,70","315,31","293,35","55,36K","-4,29%"
"22.07.2019","310,58","321,01","324,45","300,74","50,21K","-3,20%"
"21.07.2019","320,85","324,00","332,00","310,57","61,34K","-0,99%"
"20.07.2019","324,07","307,50","342,38","304,79","81,86K","5,52%"
"19.07.2019","307,13","314,32","314,98","295,25","69,80K","-2,17%"
"18.07.2019","313,94","291,11","322,83","284,10","133,53K","7,73%"
"17.07.2019","291,42","282,88","308,12","274,46","187,08K","3,20%"
"16.07.2019","282,39","312,75","317,40","267,84","222,87K","-9,72%"
"15.07.2019","312,80","281,06","324,65","259,05","193,22K","10,80%"
"14.07.2019","282,31","344,33","345,09","276,04","123,72K","-17,80%"
"13.07.2019","343,43","352,40","352,72","331,42","62,58K","-2,59%"
"12.07.2019","352,56","344,12","361,22","337,28","82,26K","2,07%"
"11.07.2019","345,42","389,07","389,07","317,99","198,51K","-11,32%"
"10.07.2019","389,50","415,18","422,20","380,00","101,86K","-6,05%"
"09.07.2019","414,59","416,92","427,26","409,80","52,06K","-0,60%"
"08.07.2019","417,08","410,36","418,60","404,48","39,39K","1,59%"
"07.07.2019","410,57","406,26","413,28","397,80","32,07K","1,00%"
"06.07.2019","406,50","399,41","417,21","398,69","56,66K","1,79%"
"05.07.2019","399,37","399,20","409,32","391,96","90,26K","-0,13%"
"04.07.2019","399,89","420,93","421,50","398,48","99,75K","-5,03%"
"03.07.2019","421,06","408,95","421,75","403,50","83,33K","3,16%"
"02.07.2019","408,16","418,21","423,51","383,84","129,86K","-2,34%"
"01.07.2019","417,93","403,38","421,45","390,18","144,17K","3,99%"
"30.06.2019","401,90","441,72","449,00","399,85","116,17K","-9,01%"
"29.06.2019","441,70","436,63","445,32","416,18","121,91K","1,05%"
"28.06.2019","437,09","417,79","442,20","405,31","168,45K","4,59%"
"27.06.2019","417,91","488,21","495,30","391,58","242,12K","-14,49%"
"26.06.2019","488,74","479,34","520,00","455,35","204,40K","1,87%"
"25.06.2019","479,78","479,54","485,79","465,30","94,51K","0,12%"
"24.06.2019","479,21","478,08","479,21","462,33","54,41K","0,31%"
"23.06.2019","477,74","482,04","502,49","472,41","109,78K","-0,95%"
"22.06.2019","482,32","438,36","556,68","433,64","301,74K","9,74%"
"21.06.2019","439,52","412,62","443,00","412,46","106,13K","6,68%"
"20.06.2019","412,00","415,29","417,18","403,10","33,91K","-0,82%"
"19.06.2019","415,39","414,04","420,68","408,07","35,36K","0,37%"
"18.06.2019","413,87","431,01","431,01","403,44","69,52K","-3,90%"
"17.06.2019","430,67","426,56","437,81","424,70","52,09K","0,86%"
"16.06.2019","427,01","421,33","438,34","416,28","64,33K","1,37%"
"15.06.2019","421,23","420,08","424,47","410,84","48,62K","0,37%"
"14.06.2019","419,69","411,23","420,79","399,13","64,06K","2,13%"
"13.06.2019","410,93","395,58","423,40","393,48","93,99K","3,90%"
"12.06.2019","395,50","386,64","399,59","382,74","52,84K","2,32%"
"11.06.2019","386,55","393,40","395,79","378,41","39,78K","-1,67%"
"10.06.2019","393,12","379,95","398,20","373,36","45,69K","3,27%"
"09.06.2019","380,67","393,30","395,44","371,43","32,66K","-2,87%"
"08.06.2019","391,90","397,36","403,84","385,00","28,62K","-1,77%"
"07.06.2019","398,98","397,11","409,00","390,29","48,79K","0,83%"
"06.06.2019","395,71","395,48","401,38","369,00","70,96K","-0,10%"
"05.06.2019","396,09","384,62","414,40","380,21","122,04K","3,45%"
"04.06.2019","382,88","398,96","402,80","365,32","129,23K","-4,76%"
"03.06.2019","402,02","440,52","447,36","397,07","92,25K","-8,82%"
"02.06.2019","440,89","430,93","449,58","430,93","44,92K","2,10%"
"01.06.2019","431,82","443,34","448,85","426,78","61,90K","-2,60%"
"31.05.2019","443,33","420,67","444,61","414,16","116,67K","5,26%"
"30.05.2019","421,17","457,79","480,19","405,81","191,04K","-7,64%"
"29.05.2019","456,03","433,50","465,15","419,59","140,03K","5,09%"
"28.05.2019","433,93","439,14","444,13","426,05","68,30K","-1,13%"
"27.05.2019","438,87","428,33","456,00","420,02","164,21K","2,34%"
"26.05.2019","428,84","404,00","436,92","389,62","109,04K","6,04%"
"25.05.2019","404,43","407,75","413,82","397,80","53,75K","-0,72%"
"24.05.2019","407,37","403,98","420,65","393,54","130,06K","0,97%"
"23.05.2019","403,47","386,96","406,94","368,31","139,37K","4,11%"
"22.05.2019","387,56","414,52","422,53","381,22","149,64K","-6,61%"
"21.05.2019","415,00","411,66","444,93","397,95","186,46K","0,85%"
"20.05.2019","411,50","414,73","421,15","381,13","218,84K","-1,20%"
"19.05.2019","416,50","356,64","430,02","356,64","271,41K","16,56%"
"18.05.2019","357,33","367,60","374,01","350,30","112,13K","-2,80%"
"17.05.2019","367,63","397,86","412,39","338,00","312,41K","-7,69%"
"16.05.2019","398,25","402,35","450,01","380,53","399,44K","-1,22%"
"15.05.2019","403,16","386,90","409,76","369,87","157,25K","4,27%"
"14.05.2019","386,64","381,85","408,10","363,02","239,22K","1,08%"
"13.05.2019","382,50","355,99","401,80","347,89","297,29K","7,34%"
"12.05.2019","356,33","347,92","377,00","330,59","396,71K","1,50%"
"11.05.2019","351,07","286,99","384,01","286,99","314,01K","22,33%"
"10.05.2019","286,99","284,79","295,42","278,34","132,48K","0,90%"
"09.05.2019","284,43","286,39","294,00","277,73","78,57K","-0,77%"
"08.05.2019","286,63","283,43","289,11","275,73","73,17K","0,36%"
"07.05.2019","285,60","289,41","299,77","285,60","150,90K","-0,93%"
"06.05.2019","288,28","293,92","295,87","276,07","133,13K","-1,74%"
"05.05.2019","293,37","290,82","301,41","286,35","152,92K","0,94%"
"04.05.2019","290,64","293,48","314,55","272,10","261,54K","-0,89%"
"03.05.2019","293,24","269,18","298,30","267,75","175,01K","8,71%"
"02.05.2019","269,75","271,03","280,38","267,15","117,29K","-0,51%"
"01.05.2019","271,14","267,48","277,92","264,60","120,42K","1,39%"
"30.04.2019","267,42","239,10","267,50","235,18","136,28K","12,03%"
"29.04.2019","238,71","256,34","256,63","231,92","101,68K","-7,00%"
"28.04.2019","256,68","265,63","268,71","251,81","48,56K","-3,36%"
"27.04.2019","265,60","266,73","269,66","261,75","30,53K","-0,42%"
"26.04.2019","266,73","268,03","281,28","257,90","86,48K","-0,57%"
"25.04.2019","268,25","276,86","282,55","265,67","102,03K","-3,19%"
"24.04.2019","277,10","286,61","289,73","267,15","143,22K","-3,26%"
"23.04.2019","286,43","290,89","309,65","285,86","120,96K","-1,53%"
"22.04.2019","290,89","288,11","294,52","284,61","80,95K","1,00%"
"21.04.2019","288,01","298,33","301,43","277,38","87,14K","-3,46%"
"20.04.2019","298,33","305,09","308,00","293,33","61,08K","-2,17%"
"19.04.2019","304,94","305,25","310,50","290,81","124,42K","-0,10%"
"18.04.2019","305,24","308,58","313,20","302,40","91,13K","-1,10%"
"17.04.2019","308,65","315,00","319,47","303,18","119,56K","-2,05%"
"16.04.2019","315,10","311,62","324,55","302,25","206,27K","0,84%"
"15.04.2019","312,46","288,00","334,05","286,44","391,31K","8,70%"
"14.04.2019","287,44","276,67","289,27","272,39","74,39K","3,70%"
"13.04.2019","277,18","280,58","284,98","271,14","92,65K","-1,13%"
"12.04.2019","280,36","269,85","286,87","256,44","166,77K","3,78%"
"11.04.2019","270,16","304,37","305,04","253,64","259,98K","-11,16%"
"10.04.2019","304,09","293,29","312,06","293,29","148,56K","3,69%"
"09.04.2019","293,27","306,60","306,60","289,00","133,55K","-4,33%"
"08.04.2019","306,53","318,50","328,76","291,44","253,42K","-3,91%"
"07.04.2019","319,00","305,00","326,00","299,10","287,38K","4,32%"
"06.04.2019","305,78","291,57","327,63","283,91","322,47K","4,87%"
"05.04.2019","291,59","285,57","299,23","280,61","264,91K","2,33%"
"04.04.2019","284,95","298,20","319,50","272,24","505,04K","-4,51%"
"03.04.2019","298,42","241,25","345,04","241,25","972,58K","23,83%"
"02.04.2019","240,99","167,39","246,30","167,16","294,21K","43,97%"
"01.04.2019","167,39","168,72","169,77","166,76","40,89K","-0,88%"
"31.03.2019","168,88","166,94","169,17","165,23","36,91K","1,16%"
"30.03.2019","166,95","170,13","171,56","164,80","48,36K","-1,91%"
"29.03.2019","170,20","167,95","171,36","167,79","54,21K","1,36%"
"28.03.2019","167,92","170,92","170,92","166,00","50,31K","-1,68%"
"27.03.2019","170,79","159,27","173,44","158,44","101,02K","7,19%"
"26.03.2019","159,33","159,70","160,66","153,10","72,93K","-0,25%"
"25.03.2019","159,73","164,53","165,41","155,81","91,22K","-2,91%"
"24.03.2019","164,52","165,87","166,09","161,30","79,53K","-1,11%"
"23.03.2019","166,37","156,39","169,50","155,61","124,70K","6,36%"
"22.03.2019","156,42","152,87","159,30","151,14","58,29K","2,41%"
"21.03.2019","152,74","159,00","159,43","146,81","102,27K","-3,88%"
"20.03.2019","158,91","160,03","160,09","154,09","74,35K","-0,72%"
"19.03.2019","160,07","160,80","161,60","155,16","95,28K","-0,59%"
"18.03.2019","161,02","154,31","166,00","153,90","193,11K","4,33%"
"17.03.2019","154,34","155,82","157,47","146,77","175,25K","-0,99%"
"16.03.2019","155,89","143,35","161,24","143,28","214,58K","8,73%"
"15.03.2019","143,38","132,37","146,05","132,06","113,53K","8,38%"
"14.03.2019","132,29","127,74","134,80","127,53","80,66K","3,55%"
"13.03.2019","127,75","128,42","129,18","126,46","27,06K","-0,49%"
"12.03.2019","128,38","128,72","129,54","126,43","26,73K","-0,26%"
"11.03.2019","128,72","131,08","131,77","126,68","37,49K","-1,75%"
"10.03.2019","131,01","133,45","133,76","130,10","35,75K","-1,87%"
"09.03.2019","133,50","127,50","136,31","127,25","87,11K","4,50%"
"08.03.2019","127,75","130,57","131,99","126,15","51,17K","-2,15%"
"07.03.2019","130,56","131,37","133,38","130,09","45,42K","-0,54%"
"06.03.2019","131,27","132,04","133,01","128,92","54,69K","-0,58%"
"05.03.2019","132,03","123,18","133,14","122,61","69,82K","7,11%"
"04.03.2019","123,27","129,59","130,54","120,74","45,55K","-4,87%"
"03.03.2019","129,58","130,60","131,71","128,76","20,41K","-0,68%"
"02.03.2019","130,47","131,16","131,89","127,97","26,65K","-0,55%"
"01.03.2019","131,19","130,01","133,11","129,94","36,77K","0,85%"
"28.02.2019","130,08","130,99","133,03","128,82","61,93K","-0,77%"
"27.02.2019","131,09","132,24","133,61","126,18","58,85K","-0,97%"
"26.02.2019","132,37","133,49","137,51","130,87","82,64K","-0,80%"
"25.02.2019","133,44","126,92","138,08","126,92","131,89K","5,28%"
"24.02.2019","126,75","154,21","157,27","126,67","185,55K","-17,67%"
"23.02.2019","153,95","143,25","153,95","140,03","76,76K","7,53%"
"22.02.2019","143,17","141,58","145,06","140,36","64,98K","0,99%"
"21.02.2019","141,76","146,73","147,11","139,12","70,19K","-3,33%"
"20.02.2019","146,65","141,44","147,99","138,16","102,62K","3,60%"
"19.02.2019","141,56","143,32","150,90","140,90","152,66K","-1,26%"
"18.02.2019","143,37","124,04","148,57","124,04","258,64K","15,49%"
"17.02.2019","124,14","121,47","125,09","120,53","57,69K","2,23%"
"16.02.2019","121,43","121,32","122,82","121,14","37,38K","0,12%"
"15.02.2019","121,28","120,93","123,65","120,39","40,95K","0,26%"
"14.02.2019","120,97","121,99","124,05","119,87","65,25K","-0,81%"
"13.02.2019","121,96","122,46","126,80","120,50","47,86K","-0,47%"
"12.02.2019","122,54","122,20","123,40","118,32","55,37K","0,27%"
"11.02.2019","122,21","126,82","126,96","120,50","73,30K","-3,64%"
"10.02.2019","126,83","128,07","128,75","121,41","80,85K","-0,93%"
"09.02.2019","128,02","129,62","130,19","125,50","83,15K","-1,20%"
"08.02.2019","129,57","115,44","131,99","114,10","140,78K","12,23%"
"07.02.2019","115,45","114,67","117,38","113,79","59,12K","0,61%"
"06.02.2019","114,75","117,32","122,91","111,25","125,35K","-2,07%"
"05.02.2019","117,18","118,88","119,90","116,83","33,97K","-1,50%"
"04.02.2019","118,96","118,74","120,82","117,51","53,14K","0,21%"
"03.02.2019","118,71","121,42","121,59","116,56","79,56K","-2,12%"
"02.02.2019","121,28","115,47","122,28","114,96","97,88K","5,10%"
"01.02.2019","115,39","113,76","118,58","110,73","76,91K","1,68%"
"31.01.2019","113,48","116,99","120,46","112,73","90,33K","-2,96%"
"30.01.2019","116,94","109,46","120,16","107,78","96,48K","6,72%"
"29.01.2019","109,58","111,04","112,24","105,97","64,06K","-1,31%"
"28.01.2019","111,04","121,36","121,36","104,93","105,64K","-8,47%"
"27.01.2019","121,31","125,52","126,31","118,57","47,01K","-3,33%"
"26.01.2019","125,49","126,80","128,56","125,35","27,59K","-1,08%"
"25.01.2019","126,86","128,11","128,31","125,07","34,66K","-0,99%"
"24.01.2019","128,13","131,13","131,15","125,83","64,79K","-2,34%"
"23.01.2019","131,20","127,31","134,86","126,29","99,41K","3,20%"
"22.01.2019","127,13","121,16","131,05","116,23","63,92K","4,88%"
"21.01.2019","121,21","121,97","122,93","120,23","22,57K","-0,33%"
"20.01.2019","121,61","127,91","128,90","119,84","38,87K","-5,00%"
"19.01.2019","128,01","126,49","130,14","125,63","36,15K","1,33%"
"18.01.2019","126,33","128,85","129,00","124,38","28,37K","-1,97%"
"17.01.2019","128,87","127,07","130,01","124,19","52,05K","1,61%"
"16.01.2019","126,83","125,50","129,48","125,11","35,26K","1,03%"
"15.01.2019","125,54","130,92","131,99","123,66","60,07K","-4,07%"
"14.01.2019","130,86","123,47","134,63","121,30","94,00K","5,97%"
"13.01.2019","123,49","131,39","133,09","120,40","68,28K","-6,03%"
"12.01.2019","131,41","128,03","135,72","127,49","82,32K","2,52%"
"11.01.2019","128,18","130,96","131,63","125,04","93,19K","-2,33%"
"10.01.2019","131,24","157,15","162,14","128,00","153,12K","-16,49%"
"09.01.2019","157,15","158,26","159,21","155,10","34,63K","-0,71%"
"08.01.2019","158,27","158,65","160,73","155,51","47,14K","-0,12%"
"07.01.2019","158,46","162,29","164,54","157,04","60,00K","-2,36%"
"06.01.2019","162,29","156,90","164,67","155,40","70,86K","3,47%"
"05.01.2019","156,84","157,87","164,25","154,30","81,83K","-0,51%"
"04.01.2019","157,64","158,76","162,48","151,31","88,15K","-0,67%"
"03.01.2019","158,70","168,96","173,48","155,50","102,02K","-6,03%"
"02.01.2019","168,88","163,01","171,43","159,03","117,23K","4,30%"
"01.01.2019","161,91","148,40","164,91","147,07","114,09K","9,19%"
"31.12.2018","148,28","160,68","160,68","145,19","79,74K","-7,72%"
"30.12.2018","160,68","160,45","161,98","155,06","133,03K","0,76%"
"29.12.2018","159,47","170,80","173,00","158,82","171,20K","-6,47%"
"28.12.2018","170,50","146,55","174,08","139,40","265,97K","16,73%"
"27.12.2018","146,06","172,09","175,20","143,33","185,16K","-15,74%"
"26.12.2018","173,34","169,99","184,47","161,23","304,48K","2,56%"
"25.12.2018","169,02","178,37","180,53","150,00","320,49K","-5,82%"
"24.12.2018","179,47","195,00","211,35","175,31","290,37K","-8,08%"
"23.12.2018","195,25","194,08","208,32","186,16","239,09K","0,50%"
"22.12.2018","194,27","192,55","204,43","180,47","339,16K","1,32%"
"21.12.2018","191,74","189,82","226,45","171,30","832,84K","0,62%"
"20.12.2018","190,55","125,24","199,50","121,30","973,39K","51,84%"
"19.12.2018","125,49","104,02","144,46","100,95","641,43K","21,39%"
"18.12.2018","103,38","88,05","104,78","85,29","198,79K","17,10%"
"17.12.2018","88,28","79,69","91,31","79,00","148,98K","10,65%"
"16.12.2018","79,78","76,75","82,38","76,75","80,75K","3,83%"
"15.12.2018","76,84","80,04","82,17","74,09","43,28K","-4,07%"
"14.12.2018","80,10","87,85","89,33","76,79","69,89K","-8,81%"
"13.12.2018","87,84","97,06","97,17","86,92","31,09K","-9,50%"
"12.12.2018","97,06","95,95","99,02","95,84","25,43K","0,54%"
"11.12.2018","96,54","102,19","102,19","93,34","24,97K","-5,57%"
"10.12.2018","102,23","106,51","108,50","99,86","46,64K","-4,06%"
"09.12.2018","106,56","99,95","109,94","98,50","139,26K","6,67%"
"08.12.2018","99,90","104,91","109,56","95,65","94,52K","-4,55%"
"07.12.2018","104,66","106,78","119,27","96,01","242,59K","-1,87%"
"06.12.2018","106,65","130,09","132,49","106,52","73,30K","-17,85%"
"05.12.2018","129,83","148,82","148,82","129,50","36,71K","-12,63%"
"04.12.2018","148,59","158,67","159,97","147,07","27,16K","-6,35%"
"03.12.2018","158,67","171,79","172,27","156,37","17,71K","-7,58%"
"02.12.2018","171,69","172,93","180,34","169,93","20,43K","-0,72%"
"01.12.2018","172,93","173,15","178,24","166,96","27,79K","-0,13%"
"30.11.2018","173,15","182,61","188,78","167,35","34,17K","-4,43%"
"29.11.2018","181,18","190,01","192,29","175,66","26,33K","-5,02%"
"28.11.2018","190,76","181,74","199,92","178,01","53,30K","4,96%"
"27.11.2018","181,74","184,83","200,53","172,53","82,29K","-1,69%"
"26.11.2018","184,86","188,20","224,52","172,34","184,80K","-1,77%"
"25.11.2018","188,20","181,52","197,21","155,52","95,17K","4,09%"
"24.11.2018","180,80","210,20","219,56","176,50","52,33K","-14,08%"
"23.11.2018","210,44","210,58","215,10","197,85","52,83K","0,10%"
"22.11.2018","210,23","237,66","241,17","209,88","33,60K","-11,27%"
"21.11.2018","236,94","228,00","251,07","218,19","58,32K","4,31%"
"20.11.2018","227,16","231,38","257,00","193,70","100,45K","-2,05%"
"19.11.2018","231,92","297,19","297,23","224,00","74,11K","-21,98%"